"","INCOME_RANGE","COMMODITY","totalSPEND","totalsale","percent"
"1","100-150K                                                                                                                                                                                                ","ACTIVITY                      ",1919.21,4929145.45999999,0.0389359578769665
"2","100-150K                                                                                                                                                                                                ","MEAT - BEEF                   ",177239.77,4929145.45999999,3.59575044880092
"3","100-150K                                                                                                                                                                                                ","BEVERAGE - WATER              ",69946.6,4929145.45999999,1.41904110088892
"4","100-150K                                                                                                                                                                                                ","MEAT - TURKEY                 ",20747.51,4929145.45999999,0.420914946989616
"5","100-150K                                                                                                                                                                                                ","DELI                          ",129462.23,4929145.45999999,2.62646397941765
"6","100-150K                                                                                                                                                                                                ","PET                           ",87869.96,4929145.45999999,1.78266112682339
"7","100-150K                                                                                                                                                                                                ","GROCERY STAPLE                ",1014817.93,4929145.45999999,20.5881108243862
"8","100-150K                                                                                                                                                                                                ","ALCOHOL                       ",300249.79,4929145.45999999,6.0913152682656
"9","100-150K                                                                                                                                                                                                ","MEAT - CHICKEN                ",133496.43,4929145.45999999,2.70830778039162
"10","100-150K                                                                                                                                                                                                ","BULK PRODUCTS                 ",26381.28,4929145.45999999,0.535210011838443
"11","100-150K                                                                                                                                                                                                ","MEDICAL SUPPLIES              ",996.45,4929145.45999999,0.0202154715880509
"12","100-150K                                                                                                                                                                                                ","DRY GOODS                     ",65250.69,4929145.45999999,1.32377286346101
"13","100-150K                                                                                                                                                                                                ","PRODUCE                       ",454734.15,4929145.45999999,9.22541551451803
"14","100-150K                                                                                                                                                                                                ","HOLIDAY                       ",7070.66,4929145.45999999,0.143445959494975
"15","100-150K                                                                                                                                                                                                ","AUTO                          ",2815.03,4929145.45999999,0.0571098991264098
"16","100-150K                                                                                                                                                                                                ","MEAT - OTHER                  ",87617.82,4929145.45999999,1.77754583854379
"17","100-150K                                                                                                                                                                                                ","CANNED GOODS                  ",69119.27,4929145.45999999,1.40225664997925
"18","100-150K                                                                                                                                                                                                ","MEDICATION                    ",83043.77,4929145.45999999,1.68474983491358
"19","100-150K                                                                                                                                                                                                ","ELECTRONICS                   ",3741,4929145.45999999,0.0758955082652401
"20","100-150K                                                                                                                                                                                                ","SEAFOOD                       ",70091.31,4929145.45999999,1.42197690388305
"21","100-150K                                                                                                                                                                                                ","HOUSEHOLD                     ",315675.41,4929145.45999999,6.40426241346914
"22","100-150K                                                                                                                                                                                                ","BABY                          ",55542.26,4929145.45999999,1.12681316570439
"23","100-150K                                                                                                                                                                                                ","MEAT - PORK                   ",47197.78,4929145.45999999,0.957524592913923
"24","100-150K                                                                                                                                                                                                ","CLOTHING                      ",25730.55,4929145.45999999,0.522008332048697
"25","100-150K                                                                                                                                                                                                ","MISC                          ",16789.88,4929145.45999999,0.340624559292272
"26","100-150K                                                                                                                                                                                                ","FLORAL                        ",44579.74,4929145.45999999,0.904411126873097
"27","100-150K                                                                                                                                                                                                ","SEASONAL PRODUCTS             ",4682.1,4929145.45999999,0.0949880671608342
"28","100-150K                                                                                                                                                                                                ","IN STORE FOOD SERVICE         ",121383.31,4929145.45999999,2.46256295305191
"29","100-150K                                                                                                                                                                                                ","BAKERY                        ",177324.59,4929145.45999999,3.59747123388808
"30","100-150K                                                                                                                                                                                                ","MEAT - POULTRY                ",4454.22,4929145.45999999,0.0903649534416461
"31","100-150K                                                                                                                                                                                                ","COSMETICS                     ",19570.18,4929145.45999999,0.397029873815086
"32","100-150K                                                                                                                                                                                                ","OUTDOOR                       ",11074.98,4929145.45999999,0.224683570202451
"33","100-150K                                                                                                                                                                                                ","FROZEN FOOD                   ",314048.86,4929145.45999999,6.37126379305513
"34","100-150K                                                                                                                                                                                                ","SPECIALTY FOOD                ",21780.78,4929145.45999999,0.44187740403993
"35","100-150K                                                                                                                                                                                                ","INTERNATIONAL FOOD            ",59622.13,4929145.45999999,1.20958349644646
"36","100-150K                                                                                                                                                                                                ","BEVERAGE - NON WATER          ",219344.9,4929145.45999999,4.44995794463733
"37","100-150K                                                                                                                                                                                                ","MEAT - SAUSAGE                ",37691.72,4929145.45999999,0.764670474950847
"38","100-150K                                                                                                                                                                                                ","DAIRY                         ",379762.96,4929145.45999999,7.70443808326973
"39","100-150K                                                                                                                                                                                                ","PERSONAL CARE                 ",178206.67,4929145.45999999,3.6153664249949
"40","100-150K                                                                                                                                                                                                ","GIFT                          ",35322.41,4929145.45999999,0.716603116841273
"41","100-150K                                                                                                                                                                                                ","TOBACCO PRODUCTS              ",24963.5,4929145.45999999,0.506446811167956
"42","100-150K                                                                                                                                                                                                ","TOYS                          ",7785.67,4929145.45999999,0.157951719282393
"43","150K+                                                                                                                                                                                                   ","ACTIVITY                      ",1046.87,2723222.57,0.0384423223989363
"44","150K+                                                                                                                                                                                                   ","MEAT - BEEF                   ",93495.76,2723222.57,3.43327648022541
"45","150K+                                                                                                                                                                                                   ","MEAT - TURKEY                 ",13059.27,2723222.57,0.479552062466932
"46","150K+                                                                                                                                                                                                   ","DELI                          ",81017.46,2723222.57,2.97505833318648
"47","150K+                                                                                                                                                                                                   ","PET                           ",49783.86,2723222.57,1.82812306817801
"48","150K+                                                                                                                                                                                                   ","BEVERAGE - WATER              ",37697.32,2723222.57,1.38429081835937
"49","150K+                                                                                                                                                                                                   ","ALCOHOL                       ",187533.22,2723222.57,6.88644483436401
"50","150K+                                                                                                                                                                                                   ","MEAT - CHICKEN                ",70090.72,2723222.57,2.57381533085634
"51","150K+                                                                                                                                                                                                   ","BULK PRODUCTS                 ",16373.54,2723222.57,0.601256033215088
"52","150K+                                                                                                                                                                                                   ","MEDICAL SUPPLIES              ",681.95,2723222.57,0.0250420221803611
"53","150K+                                                                                                                                                                                                   ","DRY GOODS                     ",33473.85,2723222.57,1.22919993278405
"54","150K+                                                                                                                                                                                                   ","PRODUCE                       ",278943.6,2723222.57,10.2431436590216
"55","150K+                                                                                                                                                                                                   ","HOLIDAY                       ",3664.18,2723222.57,0.134553085758245
"56","150K+                                                                                                                                                                                                   ","AUTO                          ",1251.67,2723222.57,0.0459628241109943
"57","150K+                                                                                                                                                                                                   ","MEAT - OTHER                  ",43138.15,2723222.57,1.58408462368171
"58","150K+                                                                                                                                                                                                   ","CANNED GOODS                  ",36380.27,2723222.57,1.33592716220768
"59","150K+                                                                                                                                                                                                   ","MEDICATION                    ",45352.59,2723222.57,1.66540151729133
"60","150K+                                                                                                                                                                                                   ","ELECTRONICS                   ",1379.79,2723222.57,0.0506675442250025
"61","150K+                                                                                                                                                                                                   ","SEAFOOD                       ",41758.58,2723222.57,1.53342515812066
"62","150K+                                                                                                                                                                                                   ","HOUSEHOLD                     ",177389.72,2723222.57,6.51396334453852
"63","150K+                                                                                                                                                                                                   ","BABY                          ",14328.92,2723222.57,0.526175133749717
"64","150K+                                                                                                                                                                                                   ","MEAT - PORK                   ",21448.65,2723222.57,0.787620161359047
"65","150K+                                                                                                                                                                                                   ","CLOTHING                      ",10012.19,2723222.57,0.367659629084228
"66","150K+                                                                                                                                                                                                   ","MISC                          ",8453.25,2723222.57,0.310413481921163
"67","150K+                                                                                                                                                                                                   ","FLORAL                        ",29787.83,2723222.57,1.09384485602291
"68","150K+                                                                                                                                                                                                   ","SEASONAL PRODUCTS             ",2387.41,2723222.57,0.0876685595331269
"69","150K+                                                                                                                                                                                                   ","IN STORE FOOD SERVICE         ",68515.11,2723222.57,2.51595704129317
"70","150K+                                                                                                                                                                                                   ","BAKERY                        ",90463.54,2723222.57,3.32192972387123
"71","150K+                                                                                                                                                                                                   ","MEAT - POULTRY                ",2265.01,2723222.57,0.0831738846817797
"72","150K+                                                                                                                                                                                                   ","COSMETICS                     ",11847.25,2723222.57,0.435045233926656
"73","150K+                                                                                                                                                                                                   ","OUTDOOR                       ",6347.44,2723222.57,0.233085612242116
"74","150K+                                                                                                                                                                                                   ","FROZEN FOOD                   ",150250.94,2723222.57,5.51739478275549
"75","150K+                                                                                                                                                                                                   ","SPECIALTY FOOD                ",9611.03,2723222.57,0.352928552586137
"76","150K+                                                                                                                                                                                                   ","INTERNATIONAL FOOD            ",33320.8,2723222.57,1.22357975315987
"77","150K+                                                                                                                                                                                                   ","BEVERAGE - NON WATER          ",106620.59,2723222.57,3.91523598454899
"78","150K+                                                                                                                                                                                                   ","MEAT - SAUSAGE                ",17421.04,2723222.57,0.639721489969877
"79","150K+                                                                                                                                                                                                   ","DAIRY                         ",222683.97,2723222.57,8.17722254703551
"80","150K+                                                                                                                                                                                                   ","PERSONAL CARE                 ",105508.94,2723222.57,3.87441486282922
"81","150K+                                                                                                                                                                                                   ","GIFT                          ",18829.65,2723222.57,0.691447339172133
"82","150K+                                                                                                                                                                                                   ","TOBACCO PRODUCTS              ",9214.03,2723222.57,0.338350236279071
"83","150K+                                                                                                                                                                                                   ","GROCERY STAPLE                ",567395.21,2723222.57,20.8354328526294
"84","150K+                                                                                                                                                                                                   ","TOYS                          ",2997.4,2723222.57,0.110068124178333
"85","35-49K                                                                                                                                                                                                  ","ACTIVITY                      ",2906.83,6659617.86999995,0.0436486005164741
"86","35-49K                                                                                                                                                                                                  ","MEAT - TURKEY                 ",32545.28,6659617.86999995,0.488695907712798
"87","35-49K                                                                                                                                                                                                  ","DELI                          ",148280.45,6659617.86999995,2.2265609362959
"88","35-49K                                                                                                                                                                                                  ","MEAT - BEEF                   ",257371.94,6659617.86999995,3.86466528596785
"89","35-49K                                                                                                                                                                                                  ","BEVERAGE - WATER              ",90121.27,6659617.86999995,1.35324986747326
"90","35-49K                                                                                                                                                                                                  ","ALCOHOL                       ",264276.2,6659617.86999995,3.96833880199799
"91","35-49K                                                                                                                                                                                                  ","MEAT - CHICKEN                ",183231.4,6659617.86999995,2.75138008781878
"92","35-49K                                                                                                                                                                                                  ","BULK PRODUCTS                 ",26361.82,6659617.86999995,0.395845835520893
"93","35-49K                                                                                                                                                                                                  ","MEDICAL SUPPLIES              ",2446.99,6659617.86999995,0.036743699830333
"94","35-49K                                                                                                                                                                                                  ","DRY GOODS                     ",106731.92,6659617.86999995,1.60267333777217
"95","35-49K                                                                                                                                                                                                  ","PRODUCE                       ",515477.58,6659617.86999995,7.74034772058181
"96","35-49K                                                                                                                                                                                                  ","HOLIDAY                       ",9212.6,6659617.86999995,0.138335264572771
"97","35-49K                                                                                                                                                                                                  ","AUTO                          ",4885.59,6659617.86999995,0.0733614164561673
"98","35-49K                                                                                                                                                                                                  ","MEAT - OTHER                  ",147938.14,6659617.86999995,2.2214208515841
"99","35-49K                                                                                                                                                                                                  ","CANNED GOODS                  ",123098.43,6659617.86999995,1.84843083196305
"100","35-49K                                                                                                                                                                                                  ","MEDICATION                    ",125482.9,6659617.86999995,1.88423573918966
"101","35-49K                                                                                                                                                                                                  ","ELECTRONICS                   ",5485.83,6659617.86999995,0.0823745462140163
"102","35-49K                                                                                                                                                                                                  ","SEAFOOD                       ",90081.71,6659617.86999995,1.35265583939579
"103","35-49K                                                                                                                                                                                                  ","HOUSEHOLD                     ",421575.84,6659617.86999995,6.33033078217749
"104","35-49K                                                                                                                                                                                                  ","BABY                          ",104321.26,6659617.86999995,1.56647516473795
"105","35-49K                                                                                                                                                                                                  ","MEAT - PORK                   ",82768.53,6659617.86999995,1.24284203111493
"106","35-49K                                                                                                                                                                                                  ","CLOTHING                      ",33693.4,6659617.86999995,0.505935935930814
"107","35-49K                                                                                                                                                                                                  ","MISC                          ",21779.18,6659617.86999995,0.327033478874369
"108","35-49K                                                                                                                                                                                                  ","FLORAL                        ",41562.9,6659617.86999995,0.624103376670174
"109","35-49K                                                                                                                                                                                                  ","SEASONAL PRODUCTS             ",5386.52,6659617.86999995,0.0808833195109442
"110","35-49K                                                                                                                                                                                                  ","IN STORE FOOD SERVICE         ",154563.76,6659617.86999995,2.32091034376423
"111","35-49K                                                                                                                                                                                                  ","BAKERY                        ",272778.92,6659617.86999995,4.09601459610478
"112","35-49K                                                                                                                                                                                                  ","MEAT - POULTRY                ",4553.42,6659617.86999995,0.068373592732882
"113","35-49K                                                                                                                                                                                                  ","COSMETICS                     ",19569.65,6659617.86999995,0.293855449096513
"114","35-49K                                                                                                                                                                                                  ","OUTDOOR                       ",14874.13,6659617.86999995,0.223348100301739
"115","35-49K                                                                                                                                                                                                  ","FROZEN FOOD                   ",502930.02,6659617.86999995,7.55193510825275
"116","35-49K                                                                                                                                                                                                  ","SPECIALTY FOOD                ",33205.7,6659617.86999995,0.498612692923179
"117","35-49K                                                                                                                                                                                                  ","INTERNATIONAL FOOD            ",77637.2,6659617.86999995,1.16579061314821
"118","35-49K                                                                                                                                                                                                  ","BEVERAGE - NON WATER          ",368089.37,6659617.86999995,5.52718455000486
"119","35-49K                                                                                                                                                                                                  ","MEAT - SAUSAGE                ",60506.14,6659617.86999995,0.908552730518762
"120","35-49K                                                                                                                                                                                                  ","DAIRY                         ",482885.74,6659617.86999995,7.25095267365549
"121","35-49K                                                                                                                                                                                                  ","PERSONAL CARE                 ",210381.19,6659617.86999995,3.15905798360772
"122","35-49K                                                                                                                                                                                                  ","GIFT                          ",35875.19,6659617.86999995,0.538697425292365
"123","35-49K                                                                                                                                                                                                  ","TOBACCO PRODUCTS              ",71315.04,6659617.86999995,1.07085783887478
"124","35-49K                                                                                                                                                                                                  ","PET                           ",144111.33,6659617.86999995,2.16395794493237
"125","35-49K                                                                                                                                                                                                  ","GROCERY STAPLE                ",1349055.11,6659617.86999995,20.2572450301869
"126","35-49K                                                                                                                                                                                                  ","TOYS                          ",10261.45,6659617.86999995,0.154084666722778
"127","50-74K                                                                                                                                                                                                  ","MEAT - TURKEY                 ",35620.99,7446517.55999994,0.478357698252716
"128","50-74K                                                                                                                                                                                                  ","ACTIVITY                      ",2689.58,7446517.55999994,0.036118628316241
"129","50-74K                                                                                                                                                                                                  ","MEAT - BEEF                   ",288964.24,7446517.55999994,3.88052855138909
"130","50-74K                                                                                                                                                                                                  ","BEVERAGE - WATER              ",100122.35,7446517.55999994,1.34455266093539
"131","50-74K                                                                                                                                                                                                  ","ALCOHOL                       ",382454.64,7446517.55999994,5.13602011837602
"132","50-74K                                                                                                                                                                                                  ","MEAT - CHICKEN                ",213156.82,7446517.55999994,2.86250342233802
"133","50-74K                                                                                                                                                                                                  ","BULK PRODUCTS                 ",35123.11,7446517.55999994,0.471671619881338
"134","50-74K                                                                                                                                                                                                  ","MEDICAL SUPPLIES              ",4420.75,7446517.55999994,0.059366676629445
"135","50-74K                                                                                                                                                                                                  ","DRY GOODS                     ",117157.59,7446517.55999994,1.57332053615678
"136","50-74K                                                                                                                                                                                                  ","PRODUCE                       ",590558.89,7446517.55999994,7.93067209258022
"137","50-74K                                                                                                                                                                                                  ","HOLIDAY                       ",10266.56,7446517.55999994,0.137870620961781
"138","50-74K                                                                                                                                                                                                  ","AUTO                          ",5168.33,7446517.55999994,0.0694060002995554
"139","50-74K                                                                                                                                                                                                  ","MEAT - OTHER                  ",150487.36,7446517.55999994,2.02090922081974
"140","50-74K                                                                                                                                                                                                  ","CANNED GOODS                  ",126115.04,7446517.55999994,1.69361099310966
"141","50-74K                                                                                                                                                                                                  ","MEDICATION                    ",135057.47,7446517.55999994,1.81369974503896
"142","50-74K                                                                                                                                                                                                  ","ELECTRONICS                   ",6175.71,7446517.55999994,0.0829342031391121
"143","50-74K                                                                                                                                                                                                  ","SEAFOOD                       ",106710.79,7446517.55999994,1.43302945491209
"144","50-74K                                                                                                                                                                                                  ","HOUSEHOLD                     ",477764.99,7446517.55999994,6.41595196882882
"145","50-74K                                                                                                                                                                                                  ","BABY                          ",86951.78,7446517.55999994,1.16768381057844
"146","50-74K                                                                                                                                                                                                  ","MEAT - PORK                   ",83613.2,7446517.55999994,1.12284969888664
"147","50-74K                                                                                                                                                                                                  ","CLOTHING                      ",36110.13,7446517.55999994,0.48492640632409
"148","50-74K                                                                                                                                                                                                  ","MISC                          ",28048.69,7446517.55999994,0.376668553776972
"149","50-74K                                                                                                                                                                                                  ","FLORAL                        ",52061.79,7446517.55999994,0.699142781582327
"150","50-74K                                                                                                                                                                                                  ","SEASONAL PRODUCTS             ",6446.31,7446517.55999994,0.0865681165465492
"151","50-74K                                                                                                                                                                                                  ","IN STORE FOOD SERVICE         ",161373.2,7446517.55999994,2.16709621242069
"152","50-74K                                                                                                                                                                                                  ","BAKERY                        ",296337.09,7446517.55999994,3.97953926264564
"153","50-74K                                                                                                                                                                                                  ","MEAT - POULTRY                ",6595.13,7446517.55999994,0.0885666346296786
"154","50-74K                                                                                                                                                                                                  ","COSMETICS                     ",24214.45,7446517.55999994,0.325178176307157
"155","50-74K                                                                                                                                                                                                  ","OUTDOOR                       ",18666.8,7446517.55999994,0.250678251271057
"156","50-74K                                                                                                                                                                                                  ","FROZEN FOOD                   ",528895.82,7446517.55999994,7.10259279909634
"157","50-74K                                                                                                                                                                                                  ","SPECIALTY FOOD                ",35743.02,7446517.55999994,0.479996450851051
"158","50-74K                                                                                                                                                                                                  ","INTERNATIONAL FOOD            ",84069.09,7446517.55999994,1.12897188951235
"159","50-74K                                                                                                                                                                                                  ","BEVERAGE - NON WATER          ",383311.41,7446517.55999994,5.14752576505041
"160","50-74K                                                                                                                                                                                                  ","MEAT - SAUSAGE                ",57973.51,7446517.55999994,0.778531837639291
"161","50-74K                                                                                                                                                                                                  ","DAIRY                         ",545336.82,7446517.55999994,7.32338056824517
"162","50-74K                                                                                                                                                                                                  ","PERSONAL CARE                 ",249484.72,7446517.55999994,3.35035428292204
"163","50-74K                                                                                                                                                                                                  ","GIFT                          ",45455.33,7446517.55999994,0.610423995293719
"164","50-74K                                                                                                                                                                                                  ","TOBACCO PRODUCTS              ",74619.82,7446517.55999994,1.00207673451052
"165","50-74K                                                                                                                                                                                                  ","PET                           ",133585.42,7446517.55999994,1.79393144410984
"166","50-74K                                                                                                                                                                                                  ","GROCERY STAPLE                ",1526241.58,7446517.55999994,20.4960448652996
"167","50-74K                                                                                                                                                                                                  ","TOYS                          ",12671.01,7446517.55999994,0.170160211104103
"168","50-74K                                                                                                                                                                                                  ","DELI                          ",180696.23,7446517.55999994,2.42658703943218
"169","75-99K                                                                                                                                                                                                  ","ACTIVITY                      ",1601.54,4602625.35,0.0347962277659641
"170","75-99K                                                                                                                                                                                                  ","MEAT - BEEF                   ",178082.23,4602625.35,3.86914459592068
"171","75-99K                                                                                                                                                                                                  ","BEVERAGE - WATER              ",60129.18,4602625.35,1.30641048157439
"172","75-99K                                                                                                                                                                                                  ","ALCOHOL                       ",282082.42,4602625.35,6.1287286830765
"173","75-99K                                                                                                                                                                                                  ","MEAT - CHICKEN                ",136438.43,4602625.35,2.9643609814994
"174","75-99K                                                                                                                                                                                                  ","BULK PRODUCTS                 ",22316.26,4602625.35,0.484859364014931
"175","75-99K                                                                                                                                                                                                  ","MEDICAL SUPPLIES              ",1615.22,4602625.35,0.0350934494375042
"176","75-99K                                                                                                                                                                                                  ","DRY GOODS                     ",67518.43,4602625.35,1.46695472400334
"177","75-99K                                                                                                                                                                                                  ","PRODUCE                       ",403511.06,4602625.35,8.76697600424941
"178","75-99K                                                                                                                                                                                                  ","HOLIDAY                       ",5915.85,4602625.35,0.128532077893327
"179","75-99K                                                                                                                                                                                                  ","AUTO                          ",2355.18,4602625.35,0.0511703608463374
"180","75-99K                                                                                                                                                                                                  ","MEAT - OTHER                  ",86002.74,4602625.35,1.86855834355495
"181","75-99K                                                                                                                                                                                                  ","CANNED GOODS                  ",70762.05,4602625.35,1.5374279811847
"182","75-99K                                                                                                                                                                                                  ","MEDICATION                    ",78307.89,4602625.35,1.70137441232318
"183","75-99K                                                                                                                                                                                                  ","ELECTRONICS                   ",3412.11,4602625.35,0.0741339939823693
"184","75-99K                                                                                                                                                                                                  ","SEAFOOD                       ",71498.43,4602625.35,1.55342711089878
"185","75-99K                                                                                                                                                                                                  ","HOUSEHOLD                     ",280979.01,4602625.35,6.1047551915126
"186","75-99K                                                                                                                                                                                                  ","BABY                          ",42377.5,4602625.35,0.92072451649796
"187","75-99K                                                                                                                                                                                                  ","MEAT - PORK                   ",47055.36,4602625.35,1.02235911945342
"188","75-99K                                                                                                                                                                                                  ","CLOTHING                      ",18065.48,4602625.35,0.39250381306834
"189","75-99K                                                                                                                                                                                                  ","MISC                          ",13883.86,4602625.35,0.301650882794534
"190","75-99K                                                                                                                                                                                                  ","FLORAL                        ",36503.88,4602625.35,0.7931099584284
"191","75-99K                                                                                                                                                                                                  ","SEASONAL PRODUCTS             ",3356.04,4602625.35,0.0729157762102015
"192","75-99K                                                                                                                                                                                                  ","IN STORE FOOD SERVICE         ",110391.71,4602625.35,2.39845091888698
"193","75-99K                                                                                                                                                                                                  ","BAKERY                        ",161848.77,4602625.35,3.5164445874353
"194","75-99K                                                                                                                                                                                                  ","MEAT - POULTRY                ",3326.74,4602625.35,0.0722791830101923
"195","75-99K                                                                                                                                                                                                  ","COSMETICS                     ",16225.13,4602625.35,0.352519024821345
"196","75-99K                                                                                                                                                                                                  ","OUTDOOR                       ",10338.12,4602625.35,0.224613545832055
"197","75-99K                                                                                                                                                                                                  ","FROZEN FOOD                   ",312255.3,4602625.35,6.78428671149609
"198","75-99K                                                                                                                                                                                                  ","SPECIALTY FOOD                ",18336.35,4602625.35,0.398388932525217
"199","75-99K                                                                                                                                                                                                  ","INTERNATIONAL FOOD            ",54712.47,4602625.35,1.18872308388081
"200","75-99K                                                                                                                                                                                                  ","BEVERAGE - NON WATER          ",218328.19,4602625.35,4.74355771755353
"201","75-99K                                                                                                                                                                                                  ","MEAT - SAUSAGE                ",38491.21,4602625.35,0.836288141506022
"202","75-99K                                                                                                                                                                                                  ","DAIRY                         ",357992.32,4602625.35,7.77800261322596
"203","75-99K                                                                                                                                                                                                  ","PERSONAL CARE                 ",152704.39,4602625.35,3.31776710872198
"204","75-99K                                                                                                                                                                                                  ","GIFT                          ",29071.78,4602625.35,0.631634725602857
"205","75-99K                                                                                                                                                                                                  ","TOBACCO PRODUCTS              ",29367.91,4602625.35,0.638068662269025
"206","75-99K                                                                                                                                                                                                  ","PET                           ",89979.69,4602625.35,1.95496446392275
"207","75-99K                                                                                                                                                                                                  ","GROCERY STAPLE                ",943104.000000001,4602625.35,20.4905663242828
"208","75-99K                                                                                                                                                                                                  ","MEAT - TURKEY                 ",23235.97,4602625.35,0.504841655208804
"209","75-99K                                                                                                                                                                                                  ","DELI                          ",113427.38,4602625.35,2.46440610248671
"210","75-99K                                                                                                                                                                                                  ","TOYS                          ",5717.77,4602625.35,0.1242284471405
"211","null                                                                                                                                                                                                    ","ACTIVITY                      ",2059.2,6193182.20999996,0.0332494657863459
"212","null                                                                                                                                                                                                    ","MEAT - BEEF                   ",243463.63,6193182.20999996,3.93115561184178
"213","null                                                                                                                                                                                                    ","ALCOHOL                       ",353279.26,6193182.20999996,5.70432530516492
"214","null                                                                                                                                                                                                    ","MEAT - CHICKEN                ",173503.65,6193182.20999996,2.80152664844655
"215","null                                                                                                                                                                                                    ","BULK PRODUCTS                 ",24197.43,6193182.20999996,0.390710771611548
"216","null                                                                                                                                                                                                    ","MEDICAL SUPPLIES              ",1508.67,6193182.20999996,0.024360174605617
"217","null                                                                                                                                                                                                    ","DRY GOODS                     ",100334.13,6193182.20999996,1.6200739231924
"218","null                                                                                                                                                                                                    ","PRODUCE                       ",493912.58,6193182.20999996,7.97510170462114
"219","null                                                                                                                                                                                                    ","HOLIDAY                       ",6839.36,6193182.20999996,0.11043369576559
"220","null                                                                                                                                                                                                    ","AUTO                          ",4638.35,6193182.20999996,0.0748944539773201
"221","null                                                                                                                                                                                                    ","MEAT - OTHER                  ",125408.85,6193182.20999996,2.02495011042152
"222","null                                                                                                                                                                                                    ","CANNED GOODS                  ",103849.87,6193182.20999996,1.67684183152752
"223","null                                                                                                                                                                                                    ","MEDICATION                    ",108404.36,6193182.20999996,1.75038221586574
"224","null                                                                                                                                                                                                    ","ELECTRONICS                   ",4402.36,6193182.20999996,0.0710839734844492
"225","null                                                                                                                                                                                                    ","SEAFOOD                       ",96989.06,6193182.20999996,1.56606178715999
"226","null                                                                                                                                                                                                    ","HOUSEHOLD                     ",387526.37,6193182.20999996,6.25730612889561
"227","null                                                                                                                                                                                                    ","BABY                          ",85959.04,6193182.20999996,1.38796239292305
"228","null                                                                                                                                                                                                    ","MEAT - PORK                   ",69673.08,6193182.20999996,1.12499644992684
"229","null                                                                                                                                                                                                    ","CLOTHING                      ",22688.63,6193182.20999996,0.366348497923495
"230","null                                                                                                                                                                                                    ","MISC                          ",18489.71,6193182.20999996,0.298549426983517
"231","null                                                                                                                                                                                                    ","FLORAL                        ",40604.75,6193182.20999996,0.655636288795712
"232","null                                                                                                                                                                                                    ","SEASONAL PRODUCTS             ",4815.19,6193182.20999996,0.077749851961808
"233","null                                                                                                                                                                                                    ","IN STORE FOOD SERVICE         ",142790.03,6193182.20999996,2.30560033853745
"234","null                                                                                                                                                                                                    ","BAKERY                        ",238911.71,6193182.20999996,3.85765672474864
"235","null                                                                                                                                                                                                    ","MEAT - POULTRY                ",4728.35,6193182.20999996,0.0763476648945555
"236","null                                                                                                                                                                                                    ","COSMETICS                     ",17683.63,6193182.20999996,0.285533824137238
"237","null                                                                                                                                                                                                    ","OUTDOOR                       ",12559.82,6193182.20999996,0.20280075047235
"238","null                                                                                                                                                                                                    ","FROZEN FOOD                   ",441314.75,6193182.20999996,7.12581569596679
"239","null                                                                                                                                                                                                    ","SPECIALTY FOOD                ",31198.08,6193182.20999996,0.503748782808704
"240","null                                                                                                                                                                                                    ","INTERNATIONAL FOOD            ",81159.82,6193182.20999996,1.31047040516511
"241","null                                                                                                                                                                                                    ","BEVERAGE - NON WATER          ",330797.85,6193182.20999996,5.34132274464442
"242","null                                                                                                                                                                                                    ","MEAT - SAUSAGE                ",51034.61,6193182.20999996,0.824045026765009
"243","null                                                                                                                                                                                                    ","DAIRY                         ",445101.13,6193182.20999996,7.18695357099792
"244","null                                                                                                                                                                                                    ","PERSONAL CARE                 ",207264.72,6193182.20999996,3.34665948735265
"245","null                                                                                                                                                                                                    ","GIFT                          ",30882.92,6193182.20999996,0.498659961112305
"246","null                                                                                                                                                                                                    ","TOBACCO PRODUCTS              ",55806.68,6193182.20999996,0.901098629229582
"247","null                                                                                                                                                                                                    ","PET                           ",128322.87,6193182.20999996,2.07200217349977
"248","null                                                                                                                                                                                                    ","BEVERAGE - WATER              ",94489.06,6193182.20999996,1.52569481723679
"249","null                                                                                                                                                                                                    ","MEAT - TURKEY                 ",30571.82,6193182.20999996,0.493636695375061
"250","null                                                                                                                                                                                                    ","DELI                          ",136633.1,6193182.20999996,2.20618569528573
"251","null                                                                                                                                                                                                    ","GROCERY STAPLE                ",1230060.1,6193182.20999996,19.8615196241741
"252","null                                                                                                                                                                                                    ","TOYS                          ",9323.63,6193182.20999996,0.150546676714039
"253","UNDER 35K                                                                                                                                                                                               ","ACTIVITY                      ",1748.31,5680468.28999997,0.0307775681641911
"254","UNDER 35K                                                                                                                                                                                               ","ALCOHOL                       ",213979.91,5680468.28999997,3.76694136954686
"255","UNDER 35K                                                                                                                                                                                               ","MEAT - CHICKEN                ",166740.8,5680468.28999997,2.93533545981648
"256","UNDER 35K                                                                                                                                                                                               ","BULK PRODUCTS                 ",22466.38,5680468.28999997,0.395502251804668
"257","UNDER 35K                                                                                                                                                                                               ","MEDICAL SUPPLIES              ",2981.16,5680468.28999997,0.0524808844589116
"258","UNDER 35K                                                                                                                                                                                               ","DRY GOODS                     ",96837.32,5680468.28999997,1.70474184620438
"259","UNDER 35K                                                                                                                                                                                               ","PRODUCE                       ",432112.92,5680468.28999997,7.60699466909624
"260","UNDER 35K                                                                                                                                                                                               ","HOLIDAY                       ",5347.16,5680468.28999997,0.0941323800612225
"261","UNDER 35K                                                                                                                                                                                               ","AUTO                          ",3378.81,5680468.28999997,0.0594811875976517
"262","UNDER 35K                                                                                                                                                                                               ","MEAT - OTHER                  ",145564.4,5680468.28999997,2.5625422512481
"263","UNDER 35K                                                                                                                                                                                               ","CANNED GOODS                  ",126167.42,5680468.28999997,2.22107427695896
"264","UNDER 35K                                                                                                                                                                                               ","MEDICATION                    ",103192.92,5680468.28999997,1.81662698798378
"265","UNDER 35K                                                                                                                                                                                               ","ELECTRONICS                   ",3462.76,5680468.28999997,0.0609590587116897
"266","UNDER 35K                                                                                                                                                                                               ","SEAFOOD                       ",91930.45,5680468.28999997,1.61836041162023
"267","UNDER 35K                                                                                                                                                                                               ","HOUSEHOLD                     ",349560.4,5680468.28999997,6.15372504790449
"268","UNDER 35K                                                                                                                                                                                               ","BABY                          ",83034.18,5680468.28999997,1.46174885169547
"269","UNDER 35K                                                                                                                                                                                               ","MEAT - PORK                   ",80421.73,5680468.28999997,1.41575880533611
"270","UNDER 35K                                                                                                                                                                                               ","CLOTHING                      ",19569.56,5680468.28999997,0.344506104090937
"271","UNDER 35K                                                                                                                                                                                               ","MISC                          ",25765.08,5680468.28999997,0.453573168348769
"272","UNDER 35K                                                                                                                                                                                               ","FLORAL                        ",31935.61,5680468.28999997,0.56220030408796
"273","UNDER 35K                                                                                                                                                                                               ","SEASONAL PRODUCTS             ",3189.41,5680468.28999997,0.0561469554475766
"274","UNDER 35K                                                                                                                                                                                               ","IN STORE FOOD SERVICE         ",125786.84,5680468.28999997,2.21437447721411
"275","UNDER 35K                                                                                                                                                                                               ","BAKERY                        ",266531.46,5680468.28999997,4.69206844212489
"276","UNDER 35K                                                                                                                                                                                               ","MEAT - POULTRY                ",4843.67,5680468.28999997,0.0852688502553021
"277","UNDER 35K                                                                                                                                                                                               ","COSMETICS                     ",11793.71,5680468.28999997,0.207618622231585
"278","UNDER 35K                                                                                                                                                                                               ","OUTDOOR                       ",15455.09,5680468.28999997,0.272074223655249
"279","UNDER 35K                                                                                                                                                                                               ","FROZEN FOOD                   ",446711.91,5680468.28999997,7.86399795218296
"280","UNDER 35K                                                                                                                                                                                               ","SPECIALTY FOOD                ",23381.17,5680468.28999997,0.411606381839341
"281","UNDER 35K                                                                                                                                                                                               ","INTERNATIONAL FOOD            ",52210.1,5680468.28999997,0.919116124491212
"282","UNDER 35K                                                                                                                                                                                               ","BEVERAGE - NON WATER          ",313261.06,5680468.28999997,5.51470484487119
"283","UNDER 35K                                                                                                                                                                                               ","MEAT - SAUSAGE                ",59252.12,5680468.28999997,1.04308512916635
"284","UNDER 35K                                                                                                                                                                                               ","DAIRY                         ",375502.84,5680468.28999997,6.61042049404701
"285","UNDER 35K                                                                                                                                                                                               ","PERSONAL CARE                 ",149905.99,5680468.28999997,2.6389723935947
"286","UNDER 35K                                                                                                                                                                                               ","GIFT                          ",27951.5,5680468.28999997,0.492063304872355
"287","UNDER 35K                                                                                                                                                                                               ","TOBACCO PRODUCTS              ",74397.4,5680468.28999997,1.30970540106651
"288","UNDER 35K                                                                                                                                                                                               ","MEAT - BEEF                   ",238579.87,5680468.28999997,4.20000355287612
"289","UNDER 35K                                                                                                                                                                                               ","BEVERAGE - WATER              ",70851.77,5680468.28999997,1.24728748375779
"290","UNDER 35K                                                                                                                                                                                               ","MEAT - TURKEY                 ",28225.24,5680468.28999997,0.496882273767611
"291","UNDER 35K                                                                                                                                                                                               ","DELI                          ",119820.43,5680468.28999997,2.10934070719019
"292","UNDER 35K                                                                                                                                                                                               ","PET                           ",122095.71,5680468.28999997,2.14939515136349
"293","UNDER 35K                                                                                                                                                                                               ","GROCERY STAPLE                ",1136485.68,5680468.28999997,20.0069012268002
"294","UNDER 35K                                                                                                                                                                                               ","TOYS                          ",8038.04,5680468.28999997,0.141503122447675
